genotype,var0,var1,var2,var3,var4,var5,var6,var7,var8,var9,var10,var11,var12,var13,var14,var15,var16,var17,var18,var19,var20,var21,var22,var23,var24,var25,var26,var27,var28,var29,var30,var31,var32,var33,var34,var35,var36,var37,var38,var39,var40,var41,var42,var43,var44,var45,var46,var47,var48,var49
genotype0,0,2,2,2,2,2,2,2,2,2,5,2,2,2,2,2,2,2,1,2,2,3,2,2,2,2,2,2,2,2,2,2,2,2,1,1,2,2,2,2,2,2,2,2,3,2,2,2,4,2
genotype1,0,1,2,2,2,2,2,5,6,2,5,2,2,5,6,2,2,2,1,1,2,3,0,2,7,2,2,2,2,2,3,1,2,2,1,1,2,2,5,2,2,2,2,2,3,1,2,2,4,2
genotype2,0,1,0,1,1,4,1,5,6,2,4,2,1,5,6,1,7,2,1,5,1,2,0,2,6,0,5,2,1,4,2,1,2,2,1,1,0,3,4,1,1,1,0,1,3,1,2,1,4,6
genotype3,0,1,2,1,2,2,2,5,6,2,4,2,2,5,6,1,7,2,1,1,2,3,0,2,6,0,2,2,2,4,3,1,2,2,1,1,2,2,5,1,2,1,2,2,3,1,2,2,4,2
genotype4,0,1,2,1,1,2,1,5,6,2,4,2,1,5,6,1,7,2,1,5,1,2,0,2,6,0,2,2,2,4,2,1,2,3,1,1,2,2,5,1,1,1,0,2,3,1,2,1,4,7
genotype5,0,1,2,1,2,1,2,5,6,2,4,2,2,5,6,1,7,2,1,1,6,3,0,2,6,0,2,2,2,4,3,1,2,2,1,2,2,2,5,1,7,1,2,2,3,2,2,6,4,2
genotype6,0,1,2,1,2,2,1,5,6,2,4,2,2,5,6,1,7,2,1,5,1,3,0,2,6,0,2,2,2,4,3,1,2,2,1,1,2,2,5,1,2,1,2,2,3,1,2,2,4,2
genotype7,0,1,2,1,2,1,2,4,6,7,4,1,2,5,6,1,6,6,4,1,6,3,0,1,6,0,2,2,2,4,3,1,5,2,1,2,2,2,5,1,7,1,2,7,2,2,2,6,4,2
genotype8,0,1,2,1,3,1,2,4,5,7,4,1,2,4,6,1,6,6,4,1,6,3,0,1,6,0,2,0,2,3,3,1,5,2,1,2,2,1,5,1,7,1,2,7,2,2,2,6,3,2
genotype9,0,1,2,2,2,2,7,5,6,1,4,4,2,5,5,1,7,1,1,1,2,3,0,2,6,0,1,2,3,4,3,1,1,2,1,1,2,2,5,1,2,6,2,2,3,1,2,2,4,2
